timeStamp,elapsed,label,responseCode,responseMessage,threadName,dataType,success,failureMessage,bytes,sentBytes,grpThreads,allThreads,URL,Latency,IdleTime,Connect
1596897128806,32425,HTTP Request,200,OK,Thread Group 1-2,text,true,,466018,288,100,100,https://tavriav.ua/catalog/search/?query=jameson,31,0,16
1596897128806,31,HTTP Request-0,302,Moved Temporarily,Thread Group 1-2,text,true,,384,144,100,100,http://tavriav.ua/catalog/search/?query=jameson,31,0,16
1596897128838,32393,HTTP Request-1,200,OK,Thread Group 1-2,text,true,,465634,144,100,100,https://tavriav.ua/catalog/search/?query=jameson,31701,0,104
1596897128835,32466,HTTP Request,200,OK,Thread Group 1-5,text,true,,466018,288,99,99,https://tavriav.ua/catalog/search/?query=jameson,26,0,13
1596897128835,26,HTTP Request-0,302,Moved Temporarily,Thread Group 1-5,text,true,,384,144,99,99,http://tavriav.ua/catalog/search/?query=jameson,26,0,13
1596897128862,32439,HTTP Request-1,200,OK,Thread Group 1-5,text,true,,465634,144,99,99,https://tavriav.ua/catalog/search/?query=jameson,31738,0,65
1596897128894,33260,HTTP Request,200,OK,Thread Group 1-11,text,true,,466018,288,98,98,https://tavriav.ua/catalog/search/?query=jameson,26,0,13
1596897128894,26,HTTP Request-0,302,Moved Temporarily,Thread Group 1-11,text,true,,384,144,98,98,http://tavriav.ua/catalog/search/?query=jameson,26,0,13
1596897128921,33233,HTTP Request-1,200,OK,Thread Group 1-11,text,true,,465634,144,98,98,https://tavriav.ua/catalog/search/?query=jameson,32595,0,65
1596897129016,33257,HTTP Request,200,OK,Thread Group 1-23,text,true,,466018,288,97,97,https://tavriav.ua/catalog/search/?query=jameson,28,0,13
1596897129016,28,HTTP Request-0,302,Moved Temporarily,Thread Group 1-23,text,true,,384,144,97,97,http://tavriav.ua/catalog/search/?query=jameson,28,0,13
1596897129044,33229,HTTP Request-1,200,OK,Thread Group 1-23,text,true,,465634,144,97,97,https://tavriav.ua/catalog/search/?query=jameson,32443,0,61
1596897128863,33594,HTTP Request,200,OK,Thread Group 1-8,text,true,,466018,288,96,96,https://tavriav.ua/catalog/search/?query=jameson,32,0,16
1596897128863,32,HTTP Request-0,302,Moved Temporarily,Thread Group 1-8,text,true,,384,144,96,96,http://tavriav.ua/catalog/search/?query=jameson,32,0,16
1596897128895,33562,HTTP Request-1,200,OK,Thread Group 1-8,text,true,,465634,144,96,96,https://tavriav.ua/catalog/search/?query=jameson,32808,0,56
1596897128973,33506,HTTP Request,200,OK,Thread Group 1-19,text,true,,466018,288,95,95,https://tavriav.ua/catalog/search/?query=jameson,29,0,14
1596897128973,29,HTTP Request-0,302,Moved Temporarily,Thread Group 1-19,text,true,,384,144,95,95,http://tavriav.ua/catalog/search/?query=jameson,29,0,14
1596897129002,33477,HTTP Request-1,200,OK,Thread Group 1-19,text,true,,465634,144,95,95,https://tavriav.ua/catalog/search/?query=jameson,32675,0,60
1596897128794,33877,HTTP Request,200,OK,Thread Group 1-1,text,true,,466018,288,94,94,https://tavriav.ua/catalog/search/?query=jameson,30,0,15
1596897128794,30,HTTP Request-0,302,Moved Temporarily,Thread Group 1-1,text,true,,384,144,94,94,http://tavriav.ua/catalog/search/?query=jameson,30,0,15
1596897128825,33846,HTTP Request-1,200,OK,Thread Group 1-1,text,true,,465634,144,94,94,https://tavriav.ua/catalog/search/?query=jameson,32955,0,62
1596897128937,33762,HTTP Request,200,OK,Thread Group 1-15,text,true,,466018,288,93,93,https://tavriav.ua/catalog/search/?query=jameson,47,0,15
1596897128937,47,HTTP Request-0,302,Moved Temporarily,Thread Group 1-15,text,true,,384,144,93,93,http://tavriav.ua/catalog/search/?query=jameson,47,0,15
1596897128984,33715,HTTP Request-1,200,OK,Thread Group 1-15,text,true,,465634,144,93,93,https://tavriav.ua/catalog/search/?query=jameson,32819,0,66
1596897128844,33940,HTTP Request,200,OK,Thread Group 1-6,text,true,,466018,288,92,92,https://tavriav.ua/catalog/search/?query=jameson,31,0,17
1596897128844,31,HTTP Request-0,302,Moved Temporarily,Thread Group 1-6,text,true,,384,144,92,92,http://tavriav.ua/catalog/search/?query=jameson,31,0,17
1596897128876,33908,HTTP Request-1,200,OK,Thread Group 1-6,text,true,,465634,144,92,92,https://tavriav.ua/catalog/search/?query=jameson,33007,0,70
1596897128824,33976,HTTP Request,200,OK,Thread Group 1-4,text,true,,466018,288,91,91,https://tavriav.ua/catalog/search/?query=jameson,28,0,14
1596897128824,28,HTTP Request-0,302,Moved Temporarily,Thread Group 1-4,text,true,,384,144,91,91,http://tavriav.ua/catalog/search/?query=jameson,28,0,14
1596897128852,33948,HTTP Request-1,200,OK,Thread Group 1-4,text,true,,465634,144,91,91,https://tavriav.ua/catalog/search/?query=jameson,33281,0,55
1596897128814,34496,HTTP Request,200,OK,Thread Group 1-3,text,true,,466025,288,90,90,https://tavriav.ua/catalog/search/?query=jameson,31,0,16
1596897128814,31,HTTP Request-0,302,Moved Temporarily,Thread Group 1-3,text,true,,384,144,90,90,http://tavriav.ua/catalog/search/?query=jameson,31,0,16
1596897128845,34465,HTTP Request-1,200,OK,Thread Group 1-3,text,true,,465641,144,90,90,https://tavriav.ua/catalog/search/?query=jameson,33713,0,62
1596897128884,35286,HTTP Request,200,OK,Thread Group 1-10,text,true,,466025,288,89,89,https://tavriav.ua/catalog/search/?query=jameson,30,0,15
1596897128884,30,HTTP Request-0,302,Moved Temporarily,Thread Group 1-10,text,true,,384,144,89,89,http://tavriav.ua/catalog/search/?query=jameson,30,0,15
1596897128914,35256,HTTP Request-1,200,OK,Thread Group 1-10,text,true,,465641,144,89,89,https://tavriav.ua/catalog/search/?query=jameson,33851,0,72
1596897129075,35159,HTTP Request,200,OK,Thread Group 1-29,text,true,,466018,288,88,88,https://tavriav.ua/catalog/search/?query=jameson,35,0,19
1596897129075,35,HTTP Request-0,302,Moved Temporarily,Thread Group 1-29,text,true,,384,144,88,88,http://tavriav.ua/catalog/search/?query=jameson,35,0,19
1596897129110,35124,HTTP Request-1,200,OK,Thread Group 1-29,text,true,,465634,144,88,88,https://tavriav.ua/catalog/search/?query=jameson,33743,0,66
1596897129235,35164,HTTP Request,200,OK,Thread Group 1-45,text,true,,466018,288,87,87,https://tavriav.ua/catalog/search/?query=jameson,27,0,13
1596897129235,27,HTTP Request-0,302,Moved Temporarily,Thread Group 1-45,text,true,,384,144,87,87,http://tavriav.ua/catalog/search/?query=jameson,27,0,13
1596897129263,35136,HTTP Request-1,200,OK,Thread Group 1-45,text,true,,465634,144,87,87,https://tavriav.ua/catalog/search/?query=jameson,33786,0,62
1596897129112,35323,HTTP Request,200,OK,Thread Group 1-33,text,true,,466025,288,86,86,https://tavriav.ua/catalog/search/?query=jameson,28,0,15
1596897129112,28,HTTP Request-0,302,Moved Temporarily,Thread Group 1-33,text,true,,384,144,86,86,http://tavriav.ua/catalog/search/?query=jameson,28,0,15
1596897129140,35295,HTTP Request-1,200,OK,Thread Group 1-33,text,true,,465641,144,86,86,https://tavriav.ua/catalog/search/?query=jameson,33927,0,66
1596897128965,36081,HTTP Request,200,OK,Thread Group 1-18,text,true,,466018,288,85,85,https://tavriav.ua/catalog/search/?query=jameson,33,0,19
1596897128965,33,HTTP Request-0,302,Moved Temporarily,Thread Group 1-18,text,true,,384,144,85,85,http://tavriav.ua/catalog/search/?query=jameson,33,0,19
1596897128998,36048,HTTP Request-1,200,OK,Thread Group 1-18,text,true,,465634,144,85,85,https://tavriav.ua/catalog/search/?query=jameson,34292,0,107
1596897128955,36218,HTTP Request,200,OK,Thread Group 1-17,text,true,,466018,288,84,84,https://tavriav.ua/catalog/search/?query=jameson,44,0,29
1596897128955,44,HTTP Request-0,302,Moved Temporarily,Thread Group 1-17,text,true,,384,144,84,84,http://tavriav.ua/catalog/search/?query=jameson,44,0,29
1596897128999,36174,HTTP Request-1,200,OK,Thread Group 1-17,text,true,,465634,144,84,84,https://tavriav.ua/catalog/search/?query=jameson,34070,0,67
1596897128946,36750,HTTP Request,200,OK,Thread Group 1-16,text,true,,466018,288,83,83,https://tavriav.ua/catalog/search/?query=jameson,38,0,21
1596897128946,38,HTTP Request-0,302,Moved Temporarily,Thread Group 1-16,text,true,,384,144,83,83,http://tavriav.ua/catalog/search/?query=jameson,38,0,21
1596897128984,36712,HTTP Request-1,200,OK,Thread Group 1-16,text,true,,465634,144,83,83,https://tavriav.ua/catalog/search/?query=jameson,34401,0,63
1596897129173,36549,HTTP Request,200,OK,Thread Group 1-39,text,true,,466018,288,82,82,https://tavriav.ua/catalog/search/?query=jameson,27,0,13
1596897129173,27,HTTP Request-0,302,Moved Temporarily,Thread Group 1-39,text,true,,384,144,82,82,http://tavriav.ua/catalog/search/?query=jameson,27,0,13
1596897129201,36521,HTTP Request-1,200,OK,Thread Group 1-39,text,true,,465634,144,82,82,https://tavriav.ua/catalog/search/?query=jameson,33977,0,59
1596897128926,36857,HTTP Request,200,OK,Thread Group 1-14,text,true,,466018,288,81,81,https://tavriav.ua/catalog/search/?query=jameson,41,0,15
1596897128926,41,HTTP Request-0,302,Moved Temporarily,Thread Group 1-14,text,true,,384,144,81,81,http://tavriav.ua/catalog/search/?query=jameson,41,0,15
1596897128968,36815,HTTP Request-1,200,OK,Thread Group 1-14,text,true,,465634,144,81,81,https://tavriav.ua/catalog/search/?query=jameson,34351,0,72
1596897129034,36874,HTTP Request,200,OK,Thread Group 1-25,text,true,,466025,288,80,80,https://tavriav.ua/catalog/search/?query=jameson,25,0,13
1596897129034,25,HTTP Request-0,302,Moved Temporarily,Thread Group 1-25,text,true,,384,144,80,80,http://tavriav.ua/catalog/search/?query=jameson,25,0,13
1596897129060,36848,HTTP Request-1,200,OK,Thread Group 1-25,text,true,,465641,144,80,80,https://tavriav.ua/catalog/search/?query=jameson,34378,0,61
1596897129094,36859,HTTP Request,200,OK,Thread Group 1-31,text,true,,466018,288,79,79,https://tavriav.ua/catalog/search/?query=jameson,26,0,14
1596897129094,26,HTTP Request-0,302,Moved Temporarily,Thread Group 1-31,text,true,,384,144,79,79,http://tavriav.ua/catalog/search/?query=jameson,26,0,14
1596897129121,36832,HTTP Request-1,200,OK,Thread Group 1-31,text,true,,465634,144,79,79,https://tavriav.ua/catalog/search/?query=jameson,34276,0,67
1596897128873,37155,HTTP Request,200,OK,Thread Group 1-9,text,true,,466018,288,78,78,https://tavriav.ua/catalog/search/?query=jameson,24,0,12
1596897128873,24,HTTP Request-0,302,Moved Temporarily,Thread Group 1-9,text,true,,384,144,78,78,http://tavriav.ua/catalog/search/?query=jameson,24,0,12
1596897128898,37130,HTTP Request-1,200,OK,Thread Group 1-9,text,true,,465634,144,78,78,https://tavriav.ua/catalog/search/?query=jameson,34437,0,86
1596897129024,37016,HTTP Request,200,OK,Thread Group 1-24,text,true,,466018,288,77,77,https://tavriav.ua/catalog/search/?query=jameson,34,0,16
1596897129024,34,HTTP Request-0,302,Moved Temporarily,Thread Group 1-24,text,true,,384,144,77,77,http://tavriav.ua/catalog/search/?query=jameson,34,0,16
1596897129059,36981,HTTP Request-1,200,OK,Thread Group 1-24,text,true,,465634,144,77,77,https://tavriav.ua/catalog/search/?query=jameson,34389,0,71
1596897129103,37099,HTTP Request,200,OK,Thread Group 1-32,text,true,,466018,288,76,76,https://tavriav.ua/catalog/search/?query=jameson,30,0,16
1596897129103,30,HTTP Request-0,302,Moved Temporarily,Thread Group 1-32,text,true,,384,144,76,76,http://tavriav.ua/catalog/search/?query=jameson,30,0,16
1596897129134,37068,HTTP Request-1,200,OK,Thread Group 1-32,text,true,,465634,144,76,76,https://tavriav.ua/catalog/search/?query=jameson,34251,0,66
1596897129122,37812,HTTP Request,200,OK,Thread Group 1-34,text,true,,466018,288,75,75,https://tavriav.ua/catalog/search/?query=jameson,27,0,14
1596897129122,27,HTTP Request-0,302,Moved Temporarily,Thread Group 1-34,text,true,,384,144,75,75,http://tavriav.ua/catalog/search/?query=jameson,27,0,14
1596897129149,37785,HTTP Request-1,200,OK,Thread Group 1-34,text,true,,465634,144,75,75,https://tavriav.ua/catalog/search/?query=jameson,34867,0,55
1596897128906,38497,HTTP Request,200,OK,Thread Group 1-12,text,true,,466018,288,74,74,https://tavriav.ua/catalog/search/?query=jameson,28,0,14
1596897128906,28,HTTP Request-0,302,Moved Temporarily,Thread Group 1-12,text,true,,384,144,74,74,http://tavriav.ua/catalog/search/?query=jameson,28,0,14
1596897128935,38468,HTTP Request-1,200,OK,Thread Group 1-12,text,true,,465634,144,74,74,https://tavriav.ua/catalog/search/?query=jameson,35085,0,83
1596897129182,38664,HTTP Request,Non HTTP response code: javax.net.ssl.SSLException,Non HTTP response message: Connection reset,Thread Group 1-40,text,false,,3671,144,73,73,https://tavriav.ua/catalog/search/?query=jameson,28,0,15
1596897129182,28,HTTP Request-0,302,Moved Temporarily,Thread Group 1-40,text,true,,384,144,73,73,http://tavriav.ua/catalog/search/?query=jameson,28,0,15
1596897129210,38636,HTTP Request-1,Non HTTP response code: javax.net.ssl.SSLException,Non HTTP response message: Connection reset,Thread Group 1-40,text,false,,3287,0,73,73,https://tavriav.ua/catalog/search/?query=jameson,37507,0,62
1596897129499,38494,HTTP Request,Non HTTP response code: javax.net.ssl.SSLException,Non HTTP response message: Connection reset,Thread Group 1-71,text,false,,3767,144,72,72,https://tavriav.ua/catalog/search/?query=jameson,31,0,16
1596897129499,31,HTTP Request-0,302,Moved Temporarily,Thread Group 1-71,text,true,,384,144,72,72,http://tavriav.ua/catalog/search/?query=jameson,31,0,16
1596897129530,38463,HTTP Request-1,Non HTTP response code: javax.net.ssl.SSLException,Non HTTP response message: Connection reset,Thread Group 1-71,text,false,,3383,0,72,72,https://tavriav.ua/catalog/search/?query=jameson,37316,0,78
1596897129638,38385,HTTP Request,Non HTTP response code: javax.net.ssl.SSLException,Non HTTP response message: Connection reset,Thread Group 1-85,text,false,,3671,144,71,71,https://tavriav.ua/catalog/search/?query=jameson,29,0,14
1596897129638,29,HTTP Request-0,302,Moved Temporarily,Thread Group 1-85,text,true,,384,144,71,71,http://tavriav.ua/catalog/search/?query=jameson,29,0,14
1596897129668,38355,HTTP Request-1,Non HTTP response code: javax.net.ssl.SSLException,Non HTTP response message: Connection reset,Thread Group 1-85,text,false,,3287,0,71,71,https://tavriav.ua/catalog/search/?query=jameson,37200,0,65
1596897129548,38524,HTTP Request,Non HTTP response code: javax.net.ssl.SSLException,Non HTTP response message: Connection reset,Thread Group 1-76,text,false,,3671,144,70,70,https://tavriav.ua/catalog/search/?query=jameson,40,0,18
1596897129548,40,HTTP Request-0,302,Moved Temporarily,Thread Group 1-76,text,true,,384,144,70,70,http://tavriav.ua/catalog/search/?query=jameson,40,0,18
1596897129589,38483,HTTP Request-1,Non HTTP response code: javax.net.ssl.SSLException,Non HTTP response message: Connection reset,Thread Group 1-76,text,false,,3287,0,70,70,https://tavriav.ua/catalog/search/?query=jameson,37405,0,66
1596897129697,38414,HTTP Request,Non HTTP response code: javax.net.ssl.SSLException,Non HTTP response message: Connection reset,Thread Group 1-91,text,false,,3671,144,69,69,https://tavriav.ua/catalog/search/?query=jameson,33,0,17
1596897129697,33,HTTP Request-0,302,Moved Temporarily,Thread Group 1-91,text,true,,384,144,69,69,http://tavriav.ua/catalog/search/?query=jameson,33,0,17
1596897129731,38380,HTTP Request-1,Non HTTP response code: javax.net.ssl.SSLException,Non HTTP response message: Connection reset,Thread Group 1-91,text,false,,3287,0,69,69,https://tavriav.ua/catalog/search/?query=jameson,36620,0,61
1596897129274,38912,HTTP Request,Non HTTP response code: javax.net.ssl.SSLException,Non HTTP response message: Connection reset,Thread Group 1-49,text,false,,3767,144,68,68,https://tavriav.ua/catalog/search/?query=jameson,29,0,15
1596897129405,38781,HTTP Request,Non HTTP response code: javax.net.ssl.SSLException,Non HTTP response message: Connection reset,Thread Group 1-62,text,false,,3671,144,68,68,https://tavriav.ua/catalog/search/?query=jameson,46,0,28
1596897129274,29,HTTP Request-0,302,Moved Temporarily,Thread Group 1-49,text,true,,384,144,68,68,http://tavriav.ua/catalog/search/?query=jameson,29,0,15
1596897129405,46,HTTP Request-0,302,Moved Temporarily,Thread Group 1-62,text,true,,384,144,68,68,http://tavriav.ua/catalog/search/?query=jameson,46,0,28
1596897129304,38882,HTTP Request-1,Non HTTP response code: javax.net.ssl.SSLException,Non HTTP response message: Connection reset,Thread Group 1-49,text,false,,3383,0,68,68,https://tavriav.ua/catalog/search/?query=jameson,37592,0,77
1596897129451,38735,HTTP Request-1,Non HTTP response code: javax.net.ssl.SSLException,Non HTTP response message: Connection reset,Thread Group 1-62,text,false,,3287,0,68,68,https://tavriav.ua/catalog/search/?query=jameson,38201,0,68
1596897129153,39198,HTTP Request,200,OK,Thread Group 1-37,text,true,,466018,288,66,66,https://tavriav.ua/catalog/search/?query=jameson,38,0,22
1596897129153,38,HTTP Request-0,302,Moved Temporarily,Thread Group 1-37,text,true,,384,144,66,66,http://tavriav.ua/catalog/search/?query=jameson,38,0,22
1596897129191,39160,HTTP Request-1,200,OK,Thread Group 1-37,text,true,,465634,144,66,66,https://tavriav.ua/catalog/search/?query=jameson,35065,0,63
1596897128915,39880,HTTP Request,200,OK,Thread Group 1-13,text,true,,466025,288,65,65,https://tavriav.ua/catalog/search/?query=jameson,30,0,14
1596897128915,30,HTTP Request-0,302,Moved Temporarily,Thread Group 1-13,text,true,,384,144,65,65,http://tavriav.ua/catalog/search/?query=jameson,30,0,14
1596897128945,39850,HTTP Request-1,200,OK,Thread Group 1-13,text,true,,465641,144,65,65,https://tavriav.ua/catalog/search/?query=jameson,35526,0,78
1596897129144,39692,HTTP Request,200,OK,Thread Group 1-36,text,true,,466018,288,64,64,https://tavriav.ua/catalog/search/?query=jameson,29,0,14
1596897129144,29,HTTP Request-0,302,Moved Temporarily,Thread Group 1-36,text,true,,384,144,64,64,http://tavriav.ua/catalog/search/?query=jameson,29,0,14
1596897129173,39663,HTTP Request-1,200,OK,Thread Group 1-36,text,true,,465634,144,64,64,https://tavriav.ua/catalog/search/?query=jameson,35125,0,70
1596897129558,39347,HTTP Request,Non HTTP response code: javax.net.ssl.SSLException,Non HTTP response message: Connection reset,Thread Group 1-77,text,false,,3767,144,63,63,https://tavriav.ua/catalog/search/?query=jameson,45,0,29
1596897129558,45,HTTP Request-0,302,Moved Temporarily,Thread Group 1-77,text,true,,384,144,63,63,http://tavriav.ua/catalog/search/?query=jameson,45,0,29
1596897129604,39301,HTTP Request-1,Non HTTP response code: javax.net.ssl.SSLException,Non HTTP response message: Connection reset,Thread Group 1-77,text,false,,3383,0,63,63,https://tavriav.ua/catalog/search/?query=jameson,36440,0,69
1596897129192,39956,HTTP Request,200,OK,Thread Group 1-41,text,true,,466018,288,62,62,https://tavriav.ua/catalog/search/?query=jameson,36,0,20
1596897129192,36,HTTP Request-0,302,Moved Temporarily,Thread Group 1-41,text,true,,384,144,62,62,http://tavriav.ua/catalog/search/?query=jameson,36,0,20
1596897129228,39920,HTTP Request-1,200,OK,Thread Group 1-41,text,true,,465634,144,62,62,https://tavriav.ua/catalog/search/?query=jameson,35283,0,65
1596897129064,40238,HTTP Request,Non HTTP response code: javax.net.ssl.SSLException,Non HTTP response message: Connection reset,Thread Group 1-28,text,false,,3671,144,61,61,https://tavriav.ua/catalog/search/?query=jameson,33,0,15
1596897129064,33,HTTP Request-0,302,Moved Temporarily,Thread Group 1-28,text,true,,384,144,61,61,http://tavriav.ua/catalog/search/?query=jameson,33,0,15
1596897129097,40205,HTTP Request-1,Non HTTP response code: javax.net.ssl.SSLException,Non HTTP response message: Connection reset,Thread Group 1-28,text,false,,3287,0,61,61,https://tavriav.ua/catalog/search/?query=jameson,35957,0,59
1596897129617,39877,HTTP Request,Non HTTP response code: javax.net.ssl.SSLException,Non HTTP response message: Connection reset,Thread Group 1-83,text,false,,3671,144,60,60,https://tavriav.ua/catalog/search/?query=jameson,30,0,16
1596897129617,31,HTTP Request-0,302,Moved Temporarily,Thread Group 1-83,text,true,,384,144,60,60,http://tavriav.ua/catalog/search/?query=jameson,30,0,16
1596897129648,39846,HTTP Request-1,Non HTTP response code: javax.net.ssl.SSLException,Non HTTP response message: Connection reset,Thread Group 1-83,text,false,,3287,0,60,60,https://tavriav.ua/catalog/search/?query=jameson,36858,0,67
1596897129415,40598,HTTP Request,200,OK,Thread Group 1-63,text,true,,466018,288,59,59,https://tavriav.ua/catalog/search/?query=jameson,36,0,18
1596897129415,36,HTTP Request-0,302,Moved Temporarily,Thread Group 1-63,text,true,,384,144,59,59,http://tavriav.ua/catalog/search/?query=jameson,36,0,18
1596897129451,40562,HTTP Request-1,200,OK,Thread Group 1-63,text,true,,465634,144,59,59,https://tavriav.ua/catalog/search/?query=jameson,35449,0,99
1596897129043,41249,HTTP Request,200,OK,Thread Group 1-26,text,true,,466018,288,58,58,https://tavriav.ua/catalog/search/?query=jameson,31,0,16
1596897129043,31,HTTP Request-0,302,Moved Temporarily,Thread Group 1-26,text,true,,384,144,58,58,http://tavriav.ua/catalog/search/?query=jameson,31,0,16
1596897129075,41217,HTTP Request-1,200,OK,Thread Group 1-26,text,true,,465634,144,58,58,https://tavriav.ua/catalog/search/?query=jameson,36111,0,75
1596897129134,41191,HTTP Request,200,OK,Thread Group 1-35,text,true,,466018,288,57,57,https://tavriav.ua/catalog/search/?query=jameson,28,0,14
1596897129134,28,HTTP Request-0,302,Moved Temporarily,Thread Group 1-35,text,true,,384,144,57,57,http://tavriav.ua/catalog/search/?query=jameson,28,0,14
1596897129162,41163,HTTP Request-1,200,OK,Thread Group 1-35,text,true,,465634,144,57,57,https://tavriav.ua/catalog/search/?query=jameson,35415,0,69
1596897129373,41009,HTTP Request,200,OK,Thread Group 1-59,text,true,,466018,288,56,56,https://tavriav.ua/catalog/search/?query=jameson,32,0,13
1596897129373,32,HTTP Request-0,302,Moved Temporarily,Thread Group 1-59,text,true,,384,144,56,56,http://tavriav.ua/catalog/search/?query=jameson,32,0,13
1596897129406,40976,HTTP Request-1,200,OK,Thread Group 1-59,text,true,,465634,144,56,56,https://tavriav.ua/catalog/search/?query=jameson,35049,0,78
1596897129590,40792,HTTP Request,200,OK,Thread Group 1-80,text,true,,466018,288,56,56,https://tavriav.ua/catalog/search/?query=jameson,25,0,13
1596897129590,26,HTTP Request-0,302,Moved Temporarily,Thread Group 1-80,text,true,,384,144,56,56,http://tavriav.ua/catalog/search/?query=jameson,25,0,13
1596897129616,40766,HTTP Request-1,200,OK,Thread Group 1-80,text,true,,465634,144,56,56,https://tavriav.ua/catalog/search/?query=jameson,34931,0,98
1596897129006,41469,HTTP Request,200,OK,Thread Group 1-22,text,true,,466018,288,54,54,https://tavriav.ua/catalog/search/?query=jameson,28,0,15
1596897129006,28,HTTP Request-0,302,Moved Temporarily,Thread Group 1-22,text,true,,384,144,54,54,http://tavriav.ua/catalog/search/?query=jameson,28,0,15
1596897129035,41440,HTTP Request-1,200,OK,Thread Group 1-22,text,true,,465634,144,54,54,https://tavriav.ua/catalog/search/?query=jameson,35536,0,61
1596897129716,40846,HTTP Request,200,OK,Thread Group 1-93,text,true,,466018,288,53,53,https://tavriav.ua/catalog/search/?query=jameson,29,0,15
1596897129716,29,HTTP Request-0,302,Moved Temporarily,Thread Group 1-93,text,true,,384,144,53,53,http://tavriav.ua/catalog/search/?query=jameson,29,0,15
1596897129746,40816,HTTP Request-1,200,OK,Thread Group 1-93,text,true,,465634,144,53,53,https://tavriav.ua/catalog/search/?query=jameson,36569,0,67
1596897129263,41414,HTTP Request,200,OK,Thread Group 1-48,text,true,,466018,288,52,52,https://tavriav.ua/catalog/search/?query=jameson,30,0,15
1596897129263,30,HTTP Request-0,302,Moved Temporarily,Thread Group 1-48,text,true,,384,144,52,52,http://tavriav.ua/catalog/search/?query=jameson,30,0,15
1596897129293,41384,HTTP Request-1,200,OK,Thread Group 1-48,text,true,,465634,144,52,52,https://tavriav.ua/catalog/search/?query=jameson,36228,0,113
1596897128853,41952,HTTP Request,200,OK,Thread Group 1-7,text,true,,466018,288,51,51,https://tavriav.ua/catalog/search/?query=jameson,32,0,16
1596897128853,32,HTTP Request-0,302,Moved Temporarily,Thread Group 1-7,text,true,,384,144,51,51,http://tavriav.ua/catalog/search/?query=jameson,32,0,16
1596897128885,41920,HTTP Request-1,200,OK,Thread Group 1-7,text,true,,465634,144,51,51,https://tavriav.ua/catalog/search/?query=jameson,35645,0,113
1596897129509,41307,HTTP Request,200,OK,Thread Group 1-72,text,true,,466018,288,50,50,https://tavriav.ua/catalog/search/?query=jameson,28,0,14
1596897129509,28,HTTP Request-0,302,Moved Temporarily,Thread Group 1-72,text,true,,384,144,50,50,http://tavriav.ua/catalog/search/?query=jameson,28,0,14
1596897129537,41279,HTTP Request-1,200,OK,Thread Group 1-72,text,true,,465634,144,50,50,https://tavriav.ua/catalog/search/?query=jameson,36504,0,106
1596897129284,41537,HTTP Request,200,OK,Thread Group 1-50,text,true,,466018,288,49,49,https://tavriav.ua/catalog/search/?query=jameson,32,0,18
1596897129284,32,HTTP Request-0,302,Moved Temporarily,Thread Group 1-50,text,true,,384,144,49,49,http://tavriav.ua/catalog/search/?query=jameson,32,0,18
1596897129316,41505,HTTP Request-1,200,OK,Thread Group 1-50,text,true,,465634,144,49,49,https://tavriav.ua/catalog/search/?query=jameson,35710,0,65
1596897129444,41613,HTTP Request,Non HTTP response code: javax.net.ssl.SSLException,Non HTTP response message: Connection reset,Thread Group 1-66,text,false,,3671,144,48,48,https://tavriav.ua/catalog/search/?query=jameson,34,0,19
1596897129444,34,HTTP Request-0,302,Moved Temporarily,Thread Group 1-66,text,true,,384,144,48,48,http://tavriav.ua/catalog/search/?query=jameson,34,0,19
1596897129479,41578,HTTP Request-1,Non HTTP response code: javax.net.ssl.SSLException,Non HTTP response message: Connection reset,Thread Group 1-66,text,false,,3287,0,48,48,https://tavriav.ua/catalog/search/?query=jameson,37175,0,64
1596897129746,41376,HTTP Request,200,OK,Thread Group 1-96,text,true,,466018,288,47,47,https://tavriav.ua/catalog/search/?query=jameson,30,0,16
1596897129746,30,HTTP Request-0,302,Moved Temporarily,Thread Group 1-96,text,true,,384,144,47,47,http://tavriav.ua/catalog/search/?query=jameson,30,0,16
1596897129776,41346,HTTP Request-1,200,OK,Thread Group 1-96,text,true,,465634,144,47,47,https://tavriav.ua/catalog/search/?query=jameson,36579,0,64
1596897129202,41925,HTTP Request,200,OK,Thread Group 1-42,text,true,,466018,288,46,46,https://tavriav.ua/catalog/search/?query=jameson,28,0,14
1596897129202,28,HTTP Request-0,302,Moved Temporarily,Thread Group 1-42,text,true,,384,144,46,46,http://tavriav.ua/catalog/search/?query=jameson,28,0,14
1596897129231,41896,HTTP Request-1,200,OK,Thread Group 1-42,text,true,,465634,144,46,46,https://tavriav.ua/catalog/search/?query=jameson,35846,0,62
1596897129688,41618,HTTP Request,200,OK,Thread Group 1-90,text,true,,466018,288,45,45,https://tavriav.ua/catalog/search/?query=jameson,29,0,15
1596897129688,29,HTTP Request-0,302,Moved Temporarily,Thread Group 1-90,text,true,,384,144,45,45,http://tavriav.ua/catalog/search/?query=jameson,29,0,15
1596897129717,41589,HTTP Request-1,200,OK,Thread Group 1-90,text,true,,465634,144,45,45,https://tavriav.ua/catalog/search/?query=jameson,36360,0,103
1596897129394,42062,HTTP Request,200,OK,Thread Group 1-61,text,true,,466018,288,44,44,https://tavriav.ua/catalog/search/?query=jameson,39,0,14
1596897129394,39,HTTP Request-0,302,Moved Temporarily,Thread Group 1-61,text,true,,384,144,44,44,http://tavriav.ua/catalog/search/?query=jameson,39,0,14
1596897129434,42022,HTTP Request-1,200,OK,Thread Group 1-61,text,true,,465634,144,44,44,https://tavriav.ua/catalog/search/?query=jameson,36880,0,72
1596897129432,42046,HTTP Request,200,OK,Thread Group 1-65,text,true,,466018,288,43,43,https://tavriav.ua/catalog/search/?query=jameson,32,0,19
1596897129432,32,HTTP Request-0,302,Moved Temporarily,Thread Group 1-65,text,true,,384,144,43,43,http://tavriav.ua/catalog/search/?query=jameson,32,0,19
1596897129465,42013,HTTP Request-1,200,OK,Thread Group 1-65,text,true,,465634,144,43,43,https://tavriav.ua/catalog/search/?query=jameson,35305,0,62
1596897129736,41793,HTTP Request,200,OK,Thread Group 1-95,text,true,,466018,288,42,42,https://tavriav.ua/catalog/search/?query=jameson,27,0,13
1596897129736,27,HTTP Request-0,302,Moved Temporarily,Thread Group 1-95,text,true,,384,144,42,42,http://tavriav.ua/catalog/search/?query=jameson,27,0,13
1596897129763,41766,HTTP Request-1,200,OK,Thread Group 1-95,text,true,,465634,144,42,42,https://tavriav.ua/catalog/search/?query=jameson,36965,0,61
1596897129455,42103,HTTP Request,Non HTTP response code: javax.net.ssl.SSLException,Non HTTP response message: Connection reset,Thread Group 1-67,text,false,,3671,144,41,41,https://tavriav.ua/catalog/search/?query=jameson,29,0,13
1596897129455,29,HTTP Request-0,302,Moved Temporarily,Thread Group 1-67,text,true,,384,144,41,41,http://tavriav.ua/catalog/search/?query=jameson,29,0,13
1596897129484,42074,HTTP Request-1,Non HTTP response code: javax.net.ssl.SSLException,Non HTTP response message: Connection reset,Thread Group 1-67,text,false,,3287,0,41,41,https://tavriav.ua/catalog/search/?query=jameson,35980,0,66
1596897129254,42308,HTTP Request,200,OK,Thread Group 1-47,text,true,,466018,288,40,40,https://tavriav.ua/catalog/search/?query=jameson,35,0,17
1596897129254,35,HTTP Request-0,302,Moved Temporarily,Thread Group 1-47,text,true,,384,144,40,40,http://tavriav.ua/catalog/search/?query=jameson,35,0,17
1596897129289,42273,HTTP Request-1,200,OK,Thread Group 1-47,text,true,,465634,144,40,40,https://tavriav.ua/catalog/search/?query=jameson,35718,0,60
1596897129766,41853,HTTP Request,200,OK,Thread Group 1-98,text,true,,466018,288,39,39,https://tavriav.ua/catalog/search/?query=jameson,28,0,14
1596897129766,28,HTTP Request-0,302,Moved Temporarily,Thread Group 1-98,text,true,,384,144,39,39,http://tavriav.ua/catalog/search/?query=jameson,28,0,14
1596897129794,41825,HTTP Request-1,200,OK,Thread Group 1-98,text,true,,465634,144,39,39,https://tavriav.ua/catalog/search/?query=jameson,36306,0,59
1596897129468,42189,HTTP Request,200,OK,Thread Group 1-68,text,true,,466018,288,38,38,https://tavriav.ua/catalog/search/?query=jameson,27,0,12
1596897129468,27,HTTP Request-0,302,Moved Temporarily,Thread Group 1-68,text,true,,384,144,38,38,http://tavriav.ua/catalog/search/?query=jameson,27,0,12
1596897129495,42162,HTTP Request-1,200,OK,Thread Group 1-68,text,true,,465634,144,38,38,https://tavriav.ua/catalog/search/?query=jameson,35683,0,71
1596897129223,42495,HTTP Request,200,OK,Thread Group 1-44,text,true,,466018,288,37,37,https://tavriav.ua/catalog/search/?query=jameson,30,0,13
1596897129223,30,HTTP Request-0,302,Moved Temporarily,Thread Group 1-44,text,true,,384,144,37,37,http://tavriav.ua/catalog/search/?query=jameson,30,0,13
1596897129254,42464,HTTP Request-1,200,OK,Thread Group 1-44,text,true,,465634,144,37,37,https://tavriav.ua/catalog/search/?query=jameson,37032,0,67
1596897129727,42025,HTTP Request,200,OK,Thread Group 1-94,text,true,,466018,288,36,36,https://tavriav.ua/catalog/search/?query=jameson,26,0,13
1596897129727,26,HTTP Request-0,302,Moved Temporarily,Thread Group 1-94,text,true,,384,144,36,36,http://tavriav.ua/catalog/search/?query=jameson,26,0,13
1596897129754,41998,HTTP Request-1,200,OK,Thread Group 1-94,text,true,,465634,144,36,36,https://tavriav.ua/catalog/search/?query=jameson,36766,0,65
1596897129519,42274,HTTP Request,200,OK,Thread Group 1-73,text,true,,466018,288,35,35,https://tavriav.ua/catalog/search/?query=jameson,26,0,13
1596897129519,27,HTTP Request-0,302,Moved Temporarily,Thread Group 1-73,text,true,,384,144,35,35,http://tavriav.ua/catalog/search/?query=jameson,26,0,13
1596897129546,42247,HTTP Request-1,200,OK,Thread Group 1-73,text,true,,465634,144,35,35,https://tavriav.ua/catalog/search/?query=jameson,36424,0,68
1596897129757,42113,HTTP Request,200,OK,Thread Group 1-97,text,true,,466018,288,34,34,https://tavriav.ua/catalog/search/?query=jameson,34,0,15
1596897129757,34,HTTP Request-0,302,Moved Temporarily,Thread Group 1-97,text,true,,384,144,34,34,http://tavriav.ua/catalog/search/?query=jameson,34,0,15
1596897129792,42078,HTTP Request-1,200,OK,Thread Group 1-97,text,true,,465634,144,34,34,https://tavriav.ua/catalog/search/?query=jameson,36616,0,55
1596897129668,42207,HTTP Request,200,OK,Thread Group 1-88,text,true,,466018,288,33,33,https://tavriav.ua/catalog/search/?query=jameson,33,0,16
1596897129668,33,HTTP Request-0,302,Moved Temporarily,Thread Group 1-88,text,true,,384,144,33,33,http://tavriav.ua/catalog/search/?query=jameson,33,0,16
1596897129702,42173,HTTP Request-1,200,OK,Thread Group 1-88,text,true,,465634,144,33,33,https://tavriav.ua/catalog/search/?query=jameson,36748,0,64
1596897129343,42553,HTTP Request,200,OK,Thread Group 1-56,text,true,,466018,288,32,32,https://tavriav.ua/catalog/search/?query=jameson,33,0,18
1596897129608,42288,HTTP Request,200,OK,Thread Group 1-82,text,true,,466018,288,32,32,https://tavriav.ua/catalog/search/?query=jameson,27,0,14
1596897129343,33,HTTP Request-0,302,Moved Temporarily,Thread Group 1-56,text,true,,384,144,32,32,http://tavriav.ua/catalog/search/?query=jameson,33,0,18
1596897129608,27,HTTP Request-0,302,Moved Temporarily,Thread Group 1-82,text,true,,384,144,32,32,http://tavriav.ua/catalog/search/?query=jameson,27,0,14
1596897129376,42520,HTTP Request-1,200,OK,Thread Group 1-56,text,true,,465634,144,32,32,https://tavriav.ua/catalog/search/?query=jameson,36849,0,87
1596897129636,42260,HTTP Request-1,200,OK,Thread Group 1-82,text,true,,465634,144,32,32,https://tavriav.ua/catalog/search/?query=jameson,36441,0,95
1596897129355,42556,HTTP Request,200,OK,Thread Group 1-57,text,true,,466018,288,30,30,https://tavriav.ua/catalog/search/?query=jameson,40,0,19
1596897129355,40,HTTP Request-0,302,Moved Temporarily,Thread Group 1-57,text,true,,384,144,30,30,http://tavriav.ua/catalog/search/?query=jameson,40,0,19
1596897129396,42515,HTTP Request-1,200,OK,Thread Group 1-57,text,true,,465634,144,30,30,https://tavriav.ua/catalog/search/?query=jameson,36835,0,88
1596897129565,42356,HTTP Request,200,OK,Thread Group 1-78,text,true,,466018,288,29,29,https://tavriav.ua/catalog/search/?query=jameson,38,0,23
1596897129565,38,HTTP Request-0,302,Moved Temporarily,Thread Group 1-78,text,true,,384,144,29,29,http://tavriav.ua/catalog/search/?query=jameson,38,0,23
1596897129604,42317,HTTP Request-1,200,OK,Thread Group 1-78,text,true,,465634,144,29,29,https://tavriav.ua/catalog/search/?query=jameson,36637,0,75
1596897129333,42594,HTTP Request,200,OK,Thread Group 1-55,text,true,,466018,288,28,28,https://tavriav.ua/catalog/search/?query=jameson,33,0,15
1596897129333,33,HTTP Request-0,302,Moved Temporarily,Thread Group 1-55,text,true,,384,144,28,28,http://tavriav.ua/catalog/search/?query=jameson,33,0,15
1596897129366,42561,HTTP Request-1,200,OK,Thread Group 1-55,text,true,,465634,144,28,28,https://tavriav.ua/catalog/search/?query=jameson,37186,0,86
1596897129213,42721,HTTP Request,200,OK,Thread Group 1-43,text,true,,466018,288,27,27,https://tavriav.ua/catalog/search/?query=jameson,30,0,15
1596897129213,30,HTTP Request-0,302,Moved Temporarily,Thread Group 1-43,text,true,,384,144,27,27,http://tavriav.ua/catalog/search/?query=jameson,30,0,15
1596897129244,42690,HTTP Request-1,200,OK,Thread Group 1-43,text,true,,465634,144,27,27,https://tavriav.ua/catalog/search/?query=jameson,36224,0,65
1596897129163,42790,HTTP Request,200,OK,Thread Group 1-38,text,true,,466018,288,26,26,https://tavriav.ua/catalog/search/?query=jameson,26,0,14
1596897129163,26,HTTP Request-0,302,Moved Temporarily,Thread Group 1-38,text,true,,384,144,26,26,http://tavriav.ua/catalog/search/?query=jameson,26,0,14
1596897129190,42763,HTTP Request-1,200,OK,Thread Group 1-38,text,true,,465634,144,26,26,https://tavriav.ua/catalog/search/?query=jameson,35814,0,64
1596897129294,42690,HTTP Request,200,OK,Thread Group 1-51,text,true,,466018,288,25,25,https://tavriav.ua/catalog/search/?query=jameson,29,0,15
1596897129294,29,HTTP Request-0,302,Moved Temporarily,Thread Group 1-51,text,true,,384,144,25,25,http://tavriav.ua/catalog/search/?query=jameson,29,0,15
1596897129324,42660,HTTP Request-1,200,OK,Thread Group 1-51,text,true,,465634,144,25,25,https://tavriav.ua/catalog/search/?query=jameson,36088,0,73
1596897129629,42388,HTTP Request,200,OK,Thread Group 1-84,text,true,,466018,288,24,24,https://tavriav.ua/catalog/search/?query=jameson,30,0,14
1596897129629,30,HTTP Request-0,302,Moved Temporarily,Thread Group 1-84,text,true,,384,144,24,24,http://tavriav.ua/catalog/search/?query=jameson,30,0,14
1596897129659,42358,HTTP Request-1,200,OK,Thread Group 1-84,text,true,,465634,144,24,24,https://tavriav.ua/catalog/search/?query=jameson,36542,0,63
1596897129475,42543,HTTP Request,200,OK,Thread Group 1-69,text,true,,466018,288,23,23,https://tavriav.ua/catalog/search/?query=jameson,35,0,19
1596897129475,35,HTTP Request-0,302,Moved Temporarily,Thread Group 1-69,text,true,,384,144,23,23,http://tavriav.ua/catalog/search/?query=jameson,35,0,19
1596897129510,42508,HTTP Request-1,200,OK,Thread Group 1-69,text,true,,465634,144,23,23,https://tavriav.ua/catalog/search/?query=jameson,35640,0,78
1596897129053,42977,HTTP Request,200,OK,Thread Group 1-27,text,true,,466018,288,22,22,https://tavriav.ua/catalog/search/?query=jameson,26,0,14
1596897129053,26,HTTP Request-0,302,Moved Temporarily,Thread Group 1-27,text,true,,384,144,22,22,http://tavriav.ua/catalog/search/?query=jameson,26,0,14
1596897129079,42951,HTTP Request-1,200,OK,Thread Group 1-27,text,true,,465634,144,22,22,https://tavriav.ua/catalog/search/?query=jameson,35688,0,65
1596897129786,42280,HTTP Request,200,OK,Thread Group 1-100,text,true,,466018,288,21,21,https://tavriav.ua/catalog/search/?query=jameson,31,0,16
1596897129786,31,HTTP Request-0,302,Moved Temporarily,Thread Group 1-100,text,true,,384,144,21,21,http://tavriav.ua/catalog/search/?query=jameson,31,0,16
1596897129818,42248,HTTP Request-1,200,OK,Thread Group 1-100,text,true,,465634,144,21,21,https://tavriav.ua/catalog/search/?query=jameson,36582,0,64
1596897129528,42543,HTTP Request,200,OK,Thread Group 1-74,text,true,,466018,288,20,20,https://tavriav.ua/catalog/search/?query=jameson,31,0,16
1596897129528,31,HTTP Request-0,302,Moved Temporarily,Thread Group 1-74,text,true,,384,144,20,20,http://tavriav.ua/catalog/search/?query=jameson,31,0,16
1596897129560,42511,HTTP Request-1,200,OK,Thread Group 1-74,text,true,,465634,144,20,20,https://tavriav.ua/catalog/search/?query=jameson,37094,0,68
1596897129648,42426,HTTP Request,200,OK,Thread Group 1-86,text,true,,466018,288,19,19,https://tavriav.ua/catalog/search/?query=jameson,33,0,16
1596897129648,33,HTTP Request-0,302,Moved Temporarily,Thread Group 1-86,text,true,,384,144,19,19,http://tavriav.ua/catalog/search/?query=jameson,33,0,16
1596897129682,42392,HTTP Request-1,200,OK,Thread Group 1-86,text,true,,465634,144,19,19,https://tavriav.ua/catalog/search/?query=jameson,36176,0,63
1596897129084,43042,HTTP Request,200,OK,Thread Group 1-30,text,true,,466018,288,18,18,https://tavriav.ua/catalog/search/?query=jameson,24,0,13
1596897129084,24,HTTP Request-0,302,Moved Temporarily,Thread Group 1-30,text,true,,384,144,18,18,http://tavriav.ua/catalog/search/?query=jameson,24,0,13
1596897129109,43017,HTTP Request-1,200,OK,Thread Group 1-30,text,true,,465634,144,18,18,https://tavriav.ua/catalog/search/?query=jameson,37025,0,67
1596897128995,43156,HTTP Request,200,OK,Thread Group 1-21,text,true,,466018,288,17,17,https://tavriav.ua/catalog/search/?query=jameson,29,0,15
1596897128995,29,HTTP Request-0,302,Moved Temporarily,Thread Group 1-21,text,true,,384,144,17,17,http://tavriav.ua/catalog/search/?query=jameson,29,0,15
1596897129025,43126,HTTP Request-1,200,OK,Thread Group 1-21,text,true,,465634,144,17,17,https://tavriav.ua/catalog/search/?query=jameson,35914,0,74
1596897129244,42908,HTTP Request,200,OK,Thread Group 1-46,text,true,,466018,288,16,16,https://tavriav.ua/catalog/search/?query=jameson,31,0,17
1596897129244,31,HTTP Request-0,302,Moved Temporarily,Thread Group 1-46,text,true,,384,144,16,16,http://tavriav.ua/catalog/search/?query=jameson,31,0,17
1596897129276,42876,HTTP Request-1,200,OK,Thread Group 1-46,text,true,,465634,144,16,16,https://tavriav.ua/catalog/search/?query=jameson,36722,0,62
1596897128985,43184,HTTP Request,200,OK,Thread Group 1-20,text,true,,466018,288,15,15,https://tavriav.ua/catalog/search/?query=jameson,29,0,14
1596897128985,29,HTTP Request-0,302,Moved Temporarily,Thread Group 1-20,text,true,,384,144,15,15,http://tavriav.ua/catalog/search/?query=jameson,29,0,14
1596897129015,43154,HTTP Request-1,200,OK,Thread Group 1-20,text,true,,465634,144,15,15,https://tavriav.ua/catalog/search/?query=jameson,36801,0,109
1596897129598,42582,HTTP Request,200,OK,Thread Group 1-81,text,true,,466018,288,14,14,https://tavriav.ua/catalog/search/?query=jameson,29,0,15
1596897129598,29,HTTP Request-0,302,Moved Temporarily,Thread Group 1-81,text,true,,384,144,14,14,http://tavriav.ua/catalog/search/?query=jameson,29,0,15
1596897129628,42552,HTTP Request-1,200,OK,Thread Group 1-81,text,true,,465634,144,14,14,https://tavriav.ua/catalog/search/?query=jameson,36826,0,62
1596897129706,42498,HTTP Request,200,OK,Thread Group 1-92,text,true,,466018,288,13,13,https://tavriav.ua/catalog/search/?query=jameson,28,0,14
1596897129706,28,HTTP Request-0,302,Moved Temporarily,Thread Group 1-92,text,true,,384,144,13,13,http://tavriav.ua/catalog/search/?query=jameson,28,0,14
1596897129735,42469,HTTP Request-1,200,OK,Thread Group 1-92,text,true,,465634,144,13,13,https://tavriav.ua/catalog/search/?query=jameson,37045,0,66
1596897129323,42885,HTTP Request,200,OK,Thread Group 1-54,text,true,,466018,288,12,12,https://tavriav.ua/catalog/search/?query=jameson,31,0,15
1596897129323,31,HTTP Request-0,302,Moved Temporarily,Thread Group 1-54,text,true,,384,144,12,12,http://tavriav.ua/catalog/search/?query=jameson,31,0,15
1596897129354,42854,HTTP Request-1,200,OK,Thread Group 1-54,text,true,,465634,144,12,12,https://tavriav.ua/catalog/search/?query=jameson,37359,0,79
1596897129657,42552,HTTP Request,200,OK,Thread Group 1-87,text,true,,466018,288,11,11,https://tavriav.ua/catalog/search/?query=jameson,32,0,16
1596897129657,32,HTTP Request-0,302,Moved Temporarily,Thread Group 1-87,text,true,,384,144,11,11,http://tavriav.ua/catalog/search/?query=jameson,32,0,16
1596897129689,42520,HTTP Request-1,200,OK,Thread Group 1-87,text,true,,465634,144,11,11,https://tavriav.ua/catalog/search/?query=jameson,36351,0,62
1596897129313,42905,HTTP Request,200,OK,Thread Group 1-53,text,true,,466018,288,10,10,https://tavriav.ua/catalog/search/?query=jameson,29,0,15
1596897129313,29,HTTP Request-0,302,Moved Temporarily,Thread Group 1-53,text,true,,384,144,10,10,http://tavriav.ua/catalog/search/?query=jameson,29,0,15
1596897129343,42875,HTTP Request-1,200,OK,Thread Group 1-53,text,true,,465634,144,10,10,https://tavriav.ua/catalog/search/?query=jameson,37296,0,90
1596897129579,42652,HTTP Request,200,OK,Thread Group 1-79,text,true,,466018,288,9,9,https://tavriav.ua/catalog/search/?query=jameson,32,0,18
1596897129579,33,HTTP Request-0,302,Moved Temporarily,Thread Group 1-79,text,true,,384,144,9,9,http://tavriav.ua/catalog/search/?query=jameson,32,0,18
1596897129612,42619,HTTP Request-1,200,OK,Thread Group 1-79,text,true,,465634,144,9,9,https://tavriav.ua/catalog/search/?query=jameson,36251,0,67
1596897129539,42693,HTTP Request,200,OK,Thread Group 1-75,text,true,,466018,288,8,8,https://tavriav.ua/catalog/search/?query=jameson,28,0,14
1596897129539,28,HTTP Request-0,302,Moved Temporarily,Thread Group 1-75,text,true,,384,144,8,8,http://tavriav.ua/catalog/search/?query=jameson,28,0,14
1596897129567,42665,HTTP Request-1,200,OK,Thread Group 1-75,text,true,,465634,144,8,8,https://tavriav.ua/catalog/search/?query=jameson,36788,0,78
1596897129489,42746,HTTP Request,200,OK,Thread Group 1-70,text,true,,466018,288,7,7,https://tavriav.ua/catalog/search/?query=jameson,33,0,17
1596897129489,33,HTTP Request-0,302,Moved Temporarily,Thread Group 1-70,text,true,,384,144,7,7,http://tavriav.ua/catalog/search/?query=jameson,33,0,17
1596897129522,42713,HTTP Request-1,200,OK,Thread Group 1-70,text,true,,465634,144,7,7,https://tavriav.ua/catalog/search/?query=jameson,35604,0,75
1596897129304,42967,HTTP Request,200,OK,Thread Group 1-52,text,true,,466018,288,6,6,https://tavriav.ua/catalog/search/?query=jameson,31,0,16
1596897129304,31,HTTP Request-0,302,Moved Temporarily,Thread Group 1-52,text,true,,384,144,6,6,http://tavriav.ua/catalog/search/?query=jameson,31,0,16
1596897129336,42935,HTTP Request-1,200,OK,Thread Group 1-52,text,true,,465634,144,6,6,https://tavriav.ua/catalog/search/?query=jameson,36684,0,97
1596897129677,42599,HTTP Request,200,OK,Thread Group 1-89,text,true,,466018,288,5,5,https://tavriav.ua/catalog/search/?query=jameson,28,0,14
1596897129424,42852,HTTP Request,200,OK,Thread Group 1-64,text,true,,466018,288,5,5,https://tavriav.ua/catalog/search/?query=jameson,34,0,19
1596897129677,28,HTTP Request-0,302,Moved Temporarily,Thread Group 1-89,text,true,,384,144,5,5,http://tavriav.ua/catalog/search/?query=jameson,28,0,14
1596897129424,34,HTTP Request-0,302,Moved Temporarily,Thread Group 1-64,text,true,,384,144,5,5,http://tavriav.ua/catalog/search/?query=jameson,34,0,19
1596897129705,42571,HTTP Request-1,200,OK,Thread Group 1-89,text,true,,465634,144,5,5,https://tavriav.ua/catalog/search/?query=jameson,36531,0,67
1596897129458,42818,HTTP Request-1,200,OK,Thread Group 1-64,text,true,,465634,144,5,5,https://tavriav.ua/catalog/search/?query=jameson,36587,0,70
1596897129385,42907,HTTP Request,200,OK,Thread Group 1-60,text,true,,466018,288,3,3,https://tavriav.ua/catalog/search/?query=jameson,48,0,20
1596897129385,48,HTTP Request-0,302,Moved Temporarily,Thread Group 1-60,text,true,,384,144,3,3,http://tavriav.ua/catalog/search/?query=jameson,48,0,20
1596897129433,42859,HTTP Request-1,200,OK,Thread Group 1-60,text,true,,465634,144,3,3,https://tavriav.ua/catalog/search/?query=jameson,36939,0,62
1596897129774,42525,HTTP Request,200,OK,Thread Group 1-99,text,true,,466018,288,2,2,https://tavriav.ua/catalog/search/?query=jameson,27,0,12
1596897129774,27,HTTP Request-0,302,Moved Temporarily,Thread Group 1-99,text,true,,384,144,2,2,http://tavriav.ua/catalog/search/?query=jameson,27,0,12
1596897129801,42498,HTTP Request-1,200,OK,Thread Group 1-99,text,true,,465634,144,2,2,https://tavriav.ua/catalog/search/?query=jameson,36318,0,61
1596897129365,42970,HTTP Request,200,OK,Thread Group 1-58,text,true,,466018,288,1,1,https://tavriav.ua/catalog/search/?query=jameson,32,0,16
1596897129365,32,HTTP Request-0,302,Moved Temporarily,Thread Group 1-58,text,true,,384,144,1,1,http://tavriav.ua/catalog/search/?query=jameson,32,0,16
1596897129398,42937,HTTP Request-1,200,OK,Thread Group 1-58,text,true,,465634,144,1,1,https://tavriav.ua/catalog/search/?query=jameson,35784,0,86
